lab_name,transfer_mode,protocol_name,display_name,active_total_nominal,masked_total,variable,rmse,mae,r2,active_count,rank_within_k,source_transfer_mode,source_score,source_r2_temperature,source_r2_humidity
lab1,lab1_reference,lab2_active_11_12,"Lab2 active set [11, 12]",2,11,humidity,0.7861288605914402,0.6295837439023532,0.9661586423421341,2,3.0,head_only,0.9576565163861234,0.9514403099028861,0.9638727228693607
lab1,lab1_reference,lab2_active_11_12,"Lab2 active set [11, 12]",2,11,temperature,0.20476561870732204,0.15754955261945724,0.8937645812939444,2,3.0,head_only,0.9576565163861234,0.9514403099028861,0.9638727228693607
lab1,lab1_reference,lab2_active_1_11,"Lab2 active set [1, 11]",2,11,humidity,0.8424619255245754,0.6819860935211182,0.9636584462652157,2,5.0,head_only,0.9565637916436753,0.9500187033567216,0.9631088799306292
lab1,lab1_reference,lab2_active_1_11,"Lab2 active set [1, 11]",2,11,temperature,0.22557430975626994,0.17428565655763334,0.879451786199436,2,5.0,head_only,0.9565637916436753,0.9500187033567216,0.9631088799306292
lab1,lab1_reference,lab2_active_1_2,"Lab2 active set [1, 2]",2,11,humidity,0.8497867273446639,0.6637614140143762,0.9614927368563085,2,2.0,head_only,0.9582270147176323,0.9540314520967426,0.962422577338522
lab1,lab1_reference,lab2_active_1_2,"Lab2 active set [1, 2]",2,11,temperature,0.20917890724865623,0.15753337397025183,0.8875949072459963,2,2.0,head_only,0.9582270147176323,0.9540314520967426,0.962422577338522
lab1,lab1_reference,lab2_active_1_2_12,"Lab2 active set [1, 2, 12]",3,10,humidity,0.6669178867481288,0.5188550765697773,0.9757741924734199,3,5.0,head_only,0.963202273808501,0.9605418554413436,0.9658626921756583
lab1,lab1_reference,lab2_active_1_2_12,"Lab2 active set [1, 2, 12]",3,10,temperature,0.1679083283167327,0.12357759131835057,0.9286115719585263,3,5.0,head_only,0.963202273808501,0.9605418554413436,0.9658626921756583
lab1,lab1_reference,lab2_active_1_2_6_9_12,"Lab2 active set [1, 2, 6, 9, 12]",5,8,humidity,0.5837337615745893,0.43940750566812664,0.9828694342389956,5,4.0,head_only,0.9589960451677222,0.9540550561387687,0.9639370341966755
lab1,lab1_reference,lab2_active_1_2_6_9_12,"Lab2 active set [1, 2, 6, 9, 12]",5,8,temperature,0.14716030433516558,0.10498569332636319,0.9384073939195878,5,4.0,head_only,0.9589960451677222,0.9540550561387687,0.9639370341966755
lab1,lab1_reference,lab2_active_1_9_11,"Lab2 active set [1, 9, 11]",3,10,humidity,0.7360176669258648,0.572608042221803,0.9721384288071826,3,2.0,head_only,0.9642035608256305,0.9599657674493918,0.9684413542018694
lab1,lab1_reference,lab2_active_1_9_11,"Lab2 active set [1, 9, 11]",3,10,temperature,0.1832660436130823,0.13663745327637747,0.9026894689633662,3,2.0,head_only,0.9642035608256305,0.9599657674493918,0.9684413542018694
lab1,lab1_reference,lab2_active_2_10_12,"Lab2 active set [2, 10, 12]",3,10,humidity,0.6580929589674557,0.5070657730102539,0.9757503691749465,3,1.0,head_only,0.9646346718324705,0.9599084633549556,0.9693608803099855
lab1,lab1_reference,lab2_active_2_10_12,"Lab2 active set [2, 10, 12]",3,10,temperature,0.15379587228311745,0.1129951594540706,0.9303305912747388,3,1.0,head_only,0.9646346718324705,0.9599084633549556,0.9693608803099855
lab1,lab1_reference,lab2_active_2_12,"Lab2 active set [2, 12]",2,11,humidity,0.7034441896784879,0.5522895661684183,0.9723356885915108,2,1.0,head_only,0.96029773837112,0.9543954650864147,0.9662000116558251
lab1,lab1_reference,lab2_active_2_12,"Lab2 active set [2, 12]",2,11,temperature,0.17392320818999338,0.1294692402275709,0.9175336245598651,2,1.0,head_only,0.96029773837112,0.9543954650864147,0.9662000116558251
lab1,lab1_reference,lab2_active_2_5_8_10_12,"Lab2 active set [2, 5, 8, 10, 12]",5,8,humidity,0.5840261843308122,0.4503989185278232,0.9811132575672732,5,2.0,head_only,0.9608355957225213,0.9559185025436885,0.9657526889013541
lab1,lab1_reference,lab2_active_2_5_8_10_12,"Lab2 active set [2, 5, 8, 10, 12]",5,8,temperature,0.13860287981453753,0.10359179142575997,0.9456569054246912,5,2.0,head_only,0.9608355957225213,0.9559185025436885,0.9657526889013541
lab1,lab1_reference,lab2_active_2_7_8_11_13,"Lab2 active set [2, 7, 8, 11, 13]",5,8,humidity,0.6285198154747949,0.4764849635270926,0.9791426914427089,5,5.0,head_only,0.95874800501043,0.9570721660258362,0.9604238439950237
lab1,lab1_reference,lab2_active_2_7_8_11_13,"Lab2 active set [2, 7, 8, 11, 13]",5,8,temperature,0.15174154624015607,0.11300271033094479,0.9301344949349831,5,5.0,head_only,0.95874800501043,0.9570721660258362,0.9604238439950237
lab1,lab1_reference,lab2_active_3_4_6_11_12,"Lab2 active set [3, 4, 6, 11, 12]",5,8,humidity,0.666092754008041,0.5023180383902329,0.9739657467024915,5,3.0,head_only,0.9602079936700301,0.9535127665029542,0.9669032208371059
lab1,lab1_reference,lab2_active_3_4_6_11_12,"Lab2 active set [3, 4, 6, 11, 12]",5,8,temperature,0.1579072917302264,0.11378666672569054,0.920173307964471,5,3.0,head_only,0.9602079936700301,0.9535127665029542,0.9669032208371059
lab1,lab1_reference,lab2_active_3_9_10_11_12,"Lab2 active set [3, 9, 10, 11, 12]",5,8,humidity,0.6709706600137437,0.5285036919208673,0.9768251171899396,5,1.0,head_only,0.9627804842405017,0.9579309402718915,0.9676300282091117
lab1,lab1_reference,lab2_active_3_9_10_11_12,"Lab2 active set [3, 9, 10, 11, 12]",5,8,temperature,0.15690144983274446,0.11974092716207871,0.9239831255198317,5,1.0,head_only,0.9627804842405017,0.9579309402718915,0.9676300282091117
lab1,lab1_reference,lab2_active_6_10_12,"Lab2 active set [6, 10, 12]",3,10,humidity,0.6227426585286288,0.4763977298369774,0.9773596467160081,3,4.0,head_only,0.9632241136465274,0.9554416709984305,0.9710065562946244
lab1,lab1_reference,lab2_active_6_10_12,"Lab2 active set [6, 10, 12]",3,10,temperature,0.1562140909549208,0.1142896178823251,0.9333253957219765,3,4.0,head_only,0.9632241136465274,0.9554416709984305,0.9710065562946244
lab1,lab1_reference,lab2_active_6_8,"Lab2 active set [6, 8]",2,11,humidity,0.7701362208126569,0.5907045832047095,0.9673591834189789,2,4.0,head_only,0.9576247393954463,0.9508138664100989,0.9644356123807938
lab1,lab1_reference,lab2_active_6_8,"Lab2 active set [6, 8]",2,11,temperature,0.18543992119876462,0.13785116460460883,0.9031482888757367,2,4.0,head_only,0.9576247393954463,0.9508138664100989,0.9644356123807938
lab1,lab1_reference,lab2_active_9_11_12,"Lab2 active set [9, 11, 12]",3,10,humidity,0.681186789874983,0.5419280391473037,0.9767088237414371,3,3.0,head_only,0.9633963846134114,0.9583799222354779,0.9684128469913449
lab1,lab1_reference,lab2_active_9_11_12,"Lab2 active set [9, 11, 12]",3,10,temperature,0.16989630979903034,0.12868981751111838,0.9212035593860095,3,3.0,head_only,0.9633963846134114,0.9583799222354779,0.9684128469913449
lab1,lab1_reference,lab2_all13,Lab2 all 13 active,13,0,humidity,0.5144032739457649,0.3775866971566127,0.9863056017990707,13,,head_only,,,
lab1,lab1_reference,lab2_all13,Lab2 all 13 active,13,0,temperature,0.12145206344807183,0.08689622953534126,0.9510717460049822,13,,head_only,,,
lab2,zero_shot,lab2_active_11_12,"Lab2 active set [11, 12]",2,11,humidity,1.242633038199023,1.020675533092939,0.873485978291736,2,3.0,head_only,0.9576565163861234,0.9514403099028861,0.9638727228693607
lab2,zero_shot,lab2_active_11_12,"Lab2 active set [11, 12]",2,11,temperature,0.4749471812709676,0.3677055709637128,0.8238221927395579,2,3.0,head_only,0.9576565163861234,0.9514403099028861,0.9638727228693607
lab2,zero_shot,lab2_active_1_11,"Lab2 active set [1, 11]",2,11,humidity,1.2616607451697137,1.0373259232594416,0.8660649063892321,2,5.0,head_only,0.9565637916436753,0.9500187033567216,0.9631088799306292
lab2,zero_shot,lab2_active_1_11,"Lab2 active set [1, 11]",2,11,temperature,0.49292908072313063,0.38633458660199094,0.8112916912841447,2,5.0,head_only,0.9565637916436753,0.9500187033567216,0.9631088799306292
lab2,zero_shot,lab2_active_1_2,"Lab2 active set [1, 2]",2,11,humidity,1.2999628779185466,1.0309159732781923,0.8626309316701524,2,2.0,head_only,0.9582270147176323,0.9540314520967426,0.962422577338522
lab2,zero_shot,lab2_active_1_2,"Lab2 active set [1, 2]",2,11,temperature,0.49592544740855415,0.3710792798262376,0.8019332549094276,2,2.0,head_only,0.9582270147176323,0.9540314520967426,0.962422577338522
lab2,zero_shot,lab2_active_1_2_12,"Lab2 active set [1, 2, 12]",3,10,humidity,1.2898145610309417,1.0209927192101111,0.8648473190198798,3,5.0,head_only,0.963202273808501,0.9605418554413436,0.9658626921756583
lab2,zero_shot,lab2_active_1_2_12,"Lab2 active set [1, 2, 12]",3,10,temperature,0.46864588864080176,0.3492443034282097,0.8208585438905429,3,5.0,head_only,0.963202273808501,0.9605418554413436,0.9658626921756583
lab2,zero_shot,lab2_active_1_2_6_9_12,"Lab2 active set [1, 2, 6, 9, 12]",5,8,humidity,1.3147252735702428,1.0552702798293188,0.8558637701740437,5,4.0,head_only,0.9589960451677222,0.9540550561387687,0.9639370341966755
lab2,zero_shot,lab2_active_1_2_6_9_12,"Lab2 active set [1, 2, 6, 9, 12]",5,8,temperature,0.48407935273557273,0.3674407727443255,0.8071918492396578,5,4.0,head_only,0.9589960451677222,0.9540550561387687,0.9639370341966755
lab2,zero_shot,lab2_active_1_9_11,"Lab2 active set [1, 9, 11]",3,10,humidity,1.355882069655738,1.097990645812108,0.8459457717428064,3,2.0,head_only,0.9642035608256305,0.9599657674493918,0.9684413542018694
lab2,zero_shot,lab2_active_1_9_11,"Lab2 active set [1, 9, 11]",3,10,temperature,0.4902575434969028,0.38079654024197507,0.8019784911499018,3,2.0,head_only,0.9642035608256305,0.9599657674493918,0.9684413542018694
lab2,zero_shot,lab2_active_2_10_12,"Lab2 active set [2, 10, 12]",3,10,humidity,1.1938818208028221,0.9448407934262202,0.8836855454662393,3,1.0,head_only,0.9646346718324705,0.9599084633549556,0.9693608803099855
lab2,zero_shot,lab2_active_2_10_12,"Lab2 active set [2, 10, 12]",3,10,temperature,0.4599827165266101,0.34027327597141266,0.8288468651150566,3,1.0,head_only,0.9646346718324705,0.9599084633549556,0.9693608803099855
lab2,zero_shot,lab2_active_2_12,"Lab2 active set [2, 12]",2,11,humidity,1.290338535649867,1.031157869559068,0.8644117449961138,2,1.0,head_only,0.96029773837112,0.9543954650864147,0.9662000116558251
lab2,zero_shot,lab2_active_2_12,"Lab2 active set [2, 12]",2,11,temperature,0.4957694209430882,0.3734766095876694,0.7971828431311443,2,1.0,head_only,0.96029773837112,0.9543954650864147,0.9662000116558251
lab2,zero_shot,lab2_active_2_5_8_10_12,"Lab2 active set [2, 5, 8, 10, 12]",5,8,humidity,1.1620559670677189,0.9117585970805242,0.8869834984758533,5,2.0,head_only,0.9608355957225213,0.9559185025436885,0.9657526889013541
lab2,zero_shot,lab2_active_2_5_8_10_12,"Lab2 active set [2, 5, 8, 10, 12]",5,8,temperature,0.45558675857119596,0.33381186311061567,0.8301761820852905,5,2.0,head_only,0.9608355957225213,0.9559185025436885,0.9657526889013541
lab2,zero_shot,lab2_active_2_7_8_11_13,"Lab2 active set [2, 7, 8, 11, 13]",5,8,humidity,1.179082598208222,0.9242645570865045,0.8816908490290069,5,5.0,head_only,0.95874800501043,0.9570721660258362,0.9604238439950237
lab2,zero_shot,lab2_active_2_7_8_11_13,"Lab2 active set [2, 7, 8, 11, 13]",5,8,temperature,0.4726774921615682,0.36448822686305415,0.8064800971414717,5,5.0,head_only,0.95874800501043,0.9570721660258362,0.9604238439950237
lab2,zero_shot,lab2_active_3_4_6_11_12,"Lab2 active set [3, 4, 6, 11, 12]",5,8,humidity,1.2170177712144503,0.9456510383349198,0.8793760285842038,5,3.0,head_only,0.9602079936700301,0.9535127665029542,0.9669032208371059
lab2,zero_shot,lab2_active_3_4_6_11_12,"Lab2 active set [3, 4, 6, 11, 12]",5,8,temperature,0.4456471343907978,0.3252271986924685,0.8395531240001769,5,3.0,head_only,0.9602079936700301,0.9535127665029542,0.9669032208371059
lab2,zero_shot,lab2_active_3_9_10_11_12,"Lab2 active set [3, 9, 10, 11, 12]",5,8,humidity,1.232839513555231,0.9936418762573829,0.8772156790211662,5,1.0,head_only,0.9627804842405017,0.9579309402718915,0.9676300282091117
lab2,zero_shot,lab2_active_3_9_10_11_12,"Lab2 active set [3, 9, 10, 11, 12]",5,8,temperature,0.4512994455506919,0.34311633385144746,0.8401736612474054,5,1.0,head_only,0.9627804842405017,0.9579309402718915,0.9676300282091117
lab2,zero_shot,lab2_active_6_10_12,"Lab2 active set [6, 10, 12]",3,10,humidity,1.215161831535311,0.9753793455087222,0.8807049132426256,3,4.0,head_only,0.9632241136465274,0.9554416709984305,0.9710065562946244
lab2,zero_shot,lab2_active_6_10_12,"Lab2 active set [6, 10, 12]",3,10,temperature,0.4397960829531791,0.32529551020035374,0.8469245826769127,3,4.0,head_only,0.9632241136465274,0.9554416709984305,0.9710065562946244
lab2,zero_shot,lab2_active_6_8,"Lab2 active set [6, 8]",2,11,humidity,1.30662606324764,1.0493108057058775,0.8600863279691892,2,4.0,head_only,0.9576247393954463,0.9508138664100989,0.9644356123807938
lab2,zero_shot,lab2_active_6_8,"Lab2 active set [6, 8]",2,11,temperature,0.48249117335172376,0.3710002669921288,0.8076826095824535,2,4.0,head_only,0.9576247393954463,0.9508138664100989,0.9644356123807938
lab2,zero_shot,lab2_active_9_11_12,"Lab2 active set [9, 11, 12]",3,10,humidity,1.3705642293096691,1.1315159843518183,0.8425298152535334,3,3.0,head_only,0.9633963846134114,0.9583799222354779,0.9684128469913449
lab2,zero_shot,lab2_active_9_11_12,"Lab2 active set [9, 11, 12]",3,10,temperature,0.4930094306041311,0.38521963816422683,0.8002887457845275,3,3.0,head_only,0.9633963846134114,0.9583799222354779,0.9684128469913449
lab2,zero_shot,lab2_all13,Lab2 all 13 active,13,0,humidity,1.1378144188515058,0.899311716739948,0.8890651920605551,13,,head_only,,,
lab2,zero_shot,lab2_all13,Lab2 all 13 active,13,0,temperature,0.44591726327821235,0.33523406890722424,0.8327428894251414,13,,head_only,,,
lab2,head_only,lab2_active_11_12,"Lab2 active set [11, 12]",2,11,humidity,0.6692700314759623,0.4551076889038086,0.9638727228693607,2,3.0,head_only,0.9576565163861234,0.9514403099028861,0.9638727228693607
lab2,head_only,lab2_active_11_12,"Lab2 active set [11, 12]",2,11,temperature,0.25451359959863745,0.16471583797381475,0.9514403099028861,2,3.0,head_only,0.9576565163861234,0.9514403099028861,0.9638727228693607
lab2,head_only,lab2_active_1_11,"Lab2 active set [1, 11]",2,11,humidity,0.6817272557215095,0.4393324003769801,0.9631088799306292,2,5.0,head_only,0.9565637916436753,0.9500187033567216,0.9631088799306292
lab2,head_only,lab2_active_1_11,"Lab2 active set [1, 11]",2,11,temperature,0.260058607179819,0.1765835674909445,0.9500187033567216,2,5.0,head_only,0.9565637916436753,0.9500187033567216,0.9631088799306292
lab2,head_only,lab2_active_1_2,"Lab2 active set [1, 2]",2,11,humidity,0.6865158960956363,0.4720759437634395,0.962422577338522,2,2.0,head_only,0.9582270147176323,0.9540314520967426,0.962422577338522
lab2,head_only,lab2_active_1_2,"Lab2 active set [1, 2]",2,11,temperature,0.24707356762902163,0.16530377704363602,0.9540314520967426,2,2.0,head_only,0.9582270147176323,0.9540314520967426,0.962422577338522
lab2,head_only,lab2_active_1_2_12,"Lab2 active set [1, 2, 12]",3,10,humidity,0.6487548655062808,0.45316841969123256,0.9658626921756583,3,5.0,head_only,0.963202273808501,0.9605418554413436,0.9658626921756583
lab2,head_only,lab2_active_1_2_12,"Lab2 active set [1, 2, 12]",3,10,temperature,0.22947701146611443,0.1548576710315851,0.9605418554413436,3,5.0,head_only,0.963202273808501,0.9605418554413436,0.9658626921756583
lab2,head_only,lab2_active_1_2_6_9_12,"Lab2 active set [1, 2, 6, 9, 12]",5,8,humidity,0.6594071880502856,0.4537609609273764,0.9639370341966755,5,4.0,head_only,0.9589960451677222,0.9540550561387687,0.9639370341966755
lab2,head_only,lab2_active_1_2_6_9_12,"Lab2 active set [1, 2, 6, 9, 12]",5,8,temperature,0.249107855559678,0.1611603905375187,0.9540550561387687,5,4.0,head_only,0.9589960451677222,0.9540550561387687,0.9639370341966755
lab2,head_only,lab2_active_1_9_11,"Lab2 active set [1, 9, 11]",3,10,humidity,0.6122529120764894,0.42537162739496964,0.9684413542018694,3,2.0,head_only,0.9642035608256305,0.9599657674493918,0.9684413542018694
lab2,head_only,lab2_active_1_9_11,"Lab2 active set [1, 9, 11]",3,10,temperature,0.22916030301763923,0.15090578966415846,0.9599657674493918,3,2.0,head_only,0.9642035608256305,0.9599657674493918,0.9684413542018694
lab2,head_only,lab2_active_2_10_12,"Lab2 active set [2, 10, 12]",3,10,humidity,0.6239420298366313,0.4342560928601485,0.9693608803099855,3,1.0,head_only,0.9646346718324705,0.9599084633549556,0.9693608803099855
lab2,head_only,lab2_active_2_10_12,"Lab2 active set [2, 10, 12]",3,10,temperature,0.23048777284481675,0.15169698401139334,0.9599084633549556,3,1.0,head_only,0.9646346718324705,0.9599084633549556,0.9693608803099855
lab2,head_only,lab2_active_2_12,"Lab2 active set [2, 12]",2,11,humidity,0.6458593085714052,0.44191779769383943,0.9662000116558251,2,1.0,head_only,0.96029773837112,0.9543954650864147,0.9662000116558251
lab2,head_only,lab2_active_2_12,"Lab2 active set [2, 12]",2,11,temperature,0.2434304961087102,0.16180735769180152,0.9543954650864147,2,1.0,head_only,0.96029773837112,0.9543954650864147,0.9662000116558251
lab2,head_only,lab2_active_2_5_8_10_12,"Lab2 active set [2, 5, 8, 10, 12]",5,8,humidity,0.6474301844575976,0.46650200394483715,0.9657526889013541,5,2.0,head_only,0.9608355957225213,0.9559185025436885,0.9657526889013541
lab2,head_only,lab2_active_2_5_8_10_12,"Lab2 active set [2, 5, 8, 10, 12]",5,8,temperature,0.24256184043601212,0.164846777342833,0.9559185025436885,5,2.0,head_only,0.9608355957225213,0.9559185025436885,0.9657526889013541
lab2,head_only,lab2_active_2_7_8_11_13,"Lab2 active set [2, 7, 8, 11, 13]",5,8,humidity,0.7047745887778696,0.49173431671582735,0.9604238439950237,5,5.0,head_only,0.95874800501043,0.9570721660258362,0.9604238439950237
lab2,head_only,lab2_active_2_7_8_11_13,"Lab2 active set [2, 7, 8, 11, 13]",5,8,temperature,0.24005324217482663,0.15643184001629168,0.9570721660258362,5,5.0,head_only,0.95874800501043,0.9570721660258362,0.9604238439950237
lab2,head_only,lab2_active_3_4_6_11_12,"Lab2 active set [3, 4, 6, 11, 12]",5,8,humidity,0.6488321712892267,0.45757667605693525,0.9669032208371059,5,3.0,head_only,0.9602079936700301,0.9535127665029542,0.9669032208371059
lab2,head_only,lab2_active_3_4_6_11_12,"Lab2 active set [3, 4, 6, 11, 12]",5,8,temperature,0.2493466300116874,0.16330265769591698,0.9535127665029542,5,3.0,head_only,0.9602079936700301,0.9535127665029542,0.9669032208371059
lab2,head_only,lab2_active_3_9_10_11_12,"Lab2 active set [3, 9, 10, 11, 12]",5,8,humidity,0.6159069478415353,0.4237148899298448,0.9676300282091117,5,1.0,head_only,0.9627804842405017,0.9579309402718915,0.9676300282091117
lab2,head_only,lab2_active_3_9_10_11_12,"Lab2 active set [3, 9, 10, 11, 12]",5,8,temperature,0.2352564145553317,0.15183104803928962,0.9579309402718915,5,1.0,head_only,0.9627804842405017,0.9579309402718915,0.9676300282091117
lab2,head_only,lab2_active_6_10_12,"Lab2 active set [6, 10, 12]",3,10,humidity,0.5905026475418409,0.39956682003461397,0.9710065562946244,3,4.0,head_only,0.9632241136465274,0.9554416709984305,0.9710065562946244
lab2,head_only,lab2_active_6_10_12,"Lab2 active set [6, 10, 12]",3,10,temperature,0.24531840874484379,0.1589063979112185,0.9554416709984305,3,4.0,head_only,0.9632241136465274,0.9554416709984305,0.9710065562946244
lab2,head_only,lab2_active_6_8,"Lab2 active set [6, 8]",2,11,humidity,0.6659622050992235,0.4612026879420647,0.9644356123807938,2,4.0,head_only,0.9576247393954463,0.9508138664100989,0.9644356123807938
lab2,head_only,lab2_active_6_8,"Lab2 active set [6, 8]",2,11,temperature,0.2570472417564728,0.16575437784194946,0.9508138664100989,2,4.0,head_only,0.9576247393954463,0.9508138664100989,0.9644356123807938
lab2,head_only,lab2_active_9_11_12,"Lab2 active set [9, 11, 12]",3,10,humidity,0.6070725111806781,0.41260112019685596,0.9684128469913449,3,3.0,head_only,0.9633963846134114,0.9583799222354779,0.9684128469913449
lab2,head_only,lab2_active_9_11_12,"Lab2 active set [9, 11, 12]",3,10,temperature,0.23518155058255982,0.15017361480456132,0.9583799222354779,3,3.0,head_only,0.9633963846134114,0.9583799222354779,0.9684128469913449
lab2,head_only,lab2_all13,Lab2 all 13 active,13,0,humidity,0.6338060510971903,0.43161811049167925,0.9675844605272588,13,,head_only,,,
lab2,head_only,lab2_all13,Lab2 all 13 active,13,0,temperature,0.23230206801381728,0.15159552372418916,0.9598177326664435,13,,head_only,,,
lab2,partial_finetune,lab2_active_11_12,"Lab2 active set [11, 12]",2,11,humidity,0.5777643086557072,0.3963888677266928,0.9737180505761825,2,3.0,head_only,0.9576565163861234,0.9514403099028861,0.9638727228693607
lab2,partial_finetune,lab2_active_11_12,"Lab2 active set [11, 12]",2,11,temperature,0.22883177819636472,0.14747635103189027,0.9608032379821707,2,3.0,head_only,0.9576565163861234,0.9514403099028861,0.9638727228693607
lab2,partial_finetune,lab2_active_1_11,"Lab2 active set [1, 11]",2,11,humidity,0.6588838830837791,0.4455392612860753,0.9672370482880479,2,5.0,head_only,0.9565637916436753,0.9500187033567216,0.9631088799306292
lab2,partial_finetune,lab2_active_1_11,"Lab2 active set [1, 11]",2,11,temperature,0.23467948618861487,0.14990167835584053,0.9592583704847021,2,5.0,head_only,0.9565637916436753,0.9500187033567216,0.9631088799306292
lab2,partial_finetune,lab2_active_1_2,"Lab2 active set [1, 2]",2,11,humidity,0.7226328891248592,0.5265314556085147,0.959401616894435,2,2.0,head_only,0.9582270147176323,0.9540314520967426,0.962422577338522
lab2,partial_finetune,lab2_active_1_2,"Lab2 active set [1, 2]",2,11,temperature,0.21531318970753105,0.14262609241100457,0.9652869054355823,2,2.0,head_only,0.9582270147176323,0.9540314520967426,0.962422577338522
lab2,partial_finetune,lab2_active_1_2_12,"Lab2 active set [1, 2, 12]",3,10,humidity,0.5964575267971589,0.4228893999870007,0.9716026564254937,3,5.0,head_only,0.963202273808501,0.9605418554413436,0.9658626921756583
lab2,partial_finetune,lab2_active_1_2_12,"Lab2 active set [1, 2, 12]",3,10,temperature,0.19970137853994666,0.1383767999135531,0.9697467307904863,3,5.0,head_only,0.963202273808501,0.9605418554413436,0.9658626921756583
lab2,partial_finetune,lab2_active_1_2_6_9_12,"Lab2 active set [1, 2, 6, 9, 12]",5,8,humidity,0.5748559655215002,0.39659854081960827,0.9731265018120491,5,4.0,head_only,0.9589960451677222,0.9540550561387687,0.9639370341966755
lab2,partial_finetune,lab2_active_1_2_6_9_12,"Lab2 active set [1, 2, 6, 9, 12]",5,8,temperature,0.216274712207823,0.1406911021241775,0.96504093266992,5,4.0,head_only,0.9589960451677222,0.9540550561387687,0.9639370341966755
lab2,partial_finetune,lab2_active_1_9_11,"Lab2 active set [1, 9, 11]",3,10,humidity,0.5578396608526499,0.3881850712574445,0.9747445730542451,3,2.0,head_only,0.9642035608256305,0.9599657674493918,0.9684413542018694
lab2,partial_finetune,lab2_active_1_9_11,"Lab2 active set [1, 9, 11]",3,10,temperature,0.20834023518316824,0.13746420294046402,0.9674269428581399,3,2.0,head_only,0.9642035608256305,0.9599657674493918,0.9684413542018694
lab2,partial_finetune,lab2_active_2_10_12,"Lab2 active set [2, 10, 12]",3,10,humidity,0.5556621277557208,0.3863833386164445,0.9758469608764873,3,1.0,head_only,0.9646346718324705,0.9599084633549556,0.9693608803099855
lab2,partial_finetune,lab2_active_2_10_12,"Lab2 active set [2, 10, 12]",3,10,temperature,0.20007224324605427,0.13284374716190192,0.9694734923789917,3,1.0,head_only,0.9646346718324705,0.9599084633549556,0.9693608803099855
lab2,partial_finetune,lab2_active_2_12,"Lab2 active set [2, 12]",2,11,humidity,0.5786606513119265,0.3966794816347269,0.9730914524122879,2,1.0,head_only,0.96029773837112,0.9543954650864147,0.9662000116558251
lab2,partial_finetune,lab2_active_2_12,"Lab2 active set [2, 12]",2,11,temperature,0.20680942947103495,0.13856558329783952,0.9667474846769749,2,1.0,head_only,0.96029773837112,0.9543954650864147,0.9662000116558251
lab2,partial_finetune,lab2_active_2_5_8_10_12,"Lab2 active set [2, 5, 8, 10, 12]",5,8,humidity,0.5351261650194272,0.3812141831104572,0.9773218634333849,5,2.0,head_only,0.9608355957225213,0.9559185025436885,0.9657526889013541
lab2,partial_finetune,lab2_active_2_5_8_10_12,"Lab2 active set [2, 5, 8, 10, 12]",5,8,temperature,0.19097466176182423,0.12524006687677824,0.9720660916318538,5,2.0,head_only,0.9608355957225213,0.9559185025436885,0.9657526889013541
lab2,partial_finetune,lab2_active_2_7_8_11_13,"Lab2 active set [2, 7, 8, 11, 13]",5,8,humidity,0.6675137145932852,0.46967394535358137,0.9647393549080294,5,5.0,head_only,0.95874800501043,0.9570721660258362,0.9604238439950237
lab2,partial_finetune,lab2_active_2_7_8_11_13,"Lab2 active set [2, 7, 8, 11, 13]",5,8,temperature,0.2124116083196057,0.13819747016980097,0.9661457684566973,5,5.0,head_only,0.95874800501043,0.9570721660258362,0.9604238439950237
lab2,partial_finetune,lab2_active_3_4_6_11_12,"Lab2 active set [3, 4, 6, 11, 12]",5,8,humidity,0.5890658082233375,0.41302380195030797,0.973315799451247,5,3.0,head_only,0.9602079936700301,0.9535127665029542,0.9669032208371059
lab2,partial_finetune,lab2_active_3_4_6_11_12,"Lab2 active set [3, 4, 6, 11, 12]",5,8,temperature,0.2218040718824818,0.1408379255579068,0.9624584171419124,5,3.0,head_only,0.9602079936700301,0.9535127665029542,0.9669032208371059
lab2,partial_finetune,lab2_active_3_9_10_11_12,"Lab2 active set [3, 9, 10, 11, 12]",5,8,humidity,0.5080038846605599,0.3565527407022623,0.9788119385429094,5,1.0,head_only,0.9627804842405017,0.9579309402718915,0.9676300282091117
lab2,partial_finetune,lab2_active_3_9_10_11_12,"Lab2 active set [3, 9, 10, 11, 12]",5,8,temperature,0.18475239578210917,0.11989817768335342,0.9736178884472354,5,1.0,head_only,0.9627804842405017,0.9579309402718915,0.9676300282091117
lab2,partial_finetune,lab2_active_6_10_12,"Lab2 active set [6, 10, 12]",3,10,humidity,0.5540942875195336,0.3823469556294955,0.9756009731472619,3,4.0,head_only,0.9632241136465274,0.9554416709984305,0.9710065562946244
lab2,partial_finetune,lab2_active_6_10_12,"Lab2 active set [6, 10, 12]",3,10,temperature,0.2104177094234388,0.14043066478692567,0.9668448354084885,3,4.0,head_only,0.9632241136465274,0.9554416709984305,0.9710065562946244
lab2,partial_finetune,lab2_active_6_8,"Lab2 active set [6, 8]",2,11,humidity,0.5985225662762663,0.41371193069678086,0.9713427187085062,2,4.0,head_only,0.9576247393954463,0.9508138664100989,0.9644356123807938
lab2,partial_finetune,lab2_active_6_8,"Lab2 active set [6, 8]",2,11,temperature,0.21711025750447233,0.13899447654302305,0.9638874051322804,2,4.0,head_only,0.9576247393954463,0.9508138664100989,0.9644356123807938
lab2,partial_finetune,lab2_active_9_11_12,"Lab2 active set [9, 11, 12]",3,10,humidity,0.5342193944089288,0.36915436730935025,0.9763628466785435,3,3.0,head_only,0.9633963846134114,0.9583799222354779,0.9684128469913449
lab2,partial_finetune,lab2_active_9_11_12,"Lab2 active set [9, 11, 12]",3,10,temperature,0.20662870131757363,0.13220598491338584,0.9680957341914371,3,3.0,head_only,0.9633963846134114,0.9583799222354779,0.9684128469913449
lab2,partial_finetune,lab2_all13,Lab2 all 13 active,13,0,humidity,0.5637247052344819,0.3881715719516461,0.9747761684227372,13,,head_only,,,
lab2,partial_finetune,lab2_all13,Lab2 all 13 active,13,0,temperature,0.1993652432639081,0.13321200357033655,0.9696894814084506,13,,head_only,,,
lab2,full_finetune,lab2_active_11_12,"Lab2 active set [11, 12]",2,11,humidity,0.477334073059714,0.3282384081528737,0.9819055964024679,2,3.0,head_only,0.9576565163861234,0.9514403099028861,0.9638727228693607
lab2,full_finetune,lab2_active_11_12,"Lab2 active set [11, 12]",2,11,temperature,0.1855825949172834,0.11627786090740791,0.9738529836364613,2,3.0,head_only,0.9576565163861234,0.9514403099028861,0.9638727228693607
lab2,full_finetune,lab2_active_1_11,"Lab2 active set [1, 11]",2,11,humidity,0.5462899767012801,0.3525787706558521,0.9762930271923355,2,5.0,head_only,0.9565637916436753,0.9500187033567216,0.9631088799306292
lab2,full_finetune,lab2_active_1_11,"Lab2 active set [1, 11]",2,11,temperature,0.18732778992610105,0.11946789404520622,0.9733159056743108,2,5.0,head_only,0.9565637916436753,0.9500187033567216,0.9631088799306292
lab2,full_finetune,lab2_active_1_2,"Lab2 active set [1, 2]",2,11,humidity,0.6283988020491804,0.43742566383801973,0.9698035662297062,2,2.0,head_only,0.9582270147176323,0.9540314520967426,0.962422577338522
lab2,full_finetune,lab2_active_1_2,"Lab2 active set [1, 2]",2,11,temperature,0.1976568980789108,0.1357388966358625,0.970649556418866,2,2.0,head_only,0.9582270147176323,0.9540314520967426,0.962422577338522
lab2,full_finetune,lab2_active_1_2_12,"Lab2 active set [1, 2, 12]",3,10,humidity,0.5010748954909098,0.3498004376888275,0.9807963607611708,3,5.0,head_only,0.963202273808501,0.9605418554413436,0.9658626921756583
lab2,full_finetune,lab2_active_1_2_12,"Lab2 active set [1, 2, 12]",3,10,temperature,0.16404376675998955,0.1085921571804927,0.9792669092337997,3,5.0,head_only,0.963202273808501,0.9605418554413436,0.9658626921756583
lab2,full_finetune,lab2_active_1_2_6_9_12,"Lab2 active set [1, 2, 6, 9, 12]",5,8,humidity,0.47003338792274896,0.3283087657048152,0.9823567485806903,5,4.0,head_only,0.9589960451677222,0.9540550561387687,0.9639370341966755
lab2,full_finetune,lab2_active_1_2_6_9_12,"Lab2 active set [1, 2, 6, 9, 12]",5,8,temperature,0.17244519716051576,0.11099872107689197,0.9779217154963116,5,4.0,head_only,0.9589960451677222,0.9540550561387687,0.9639370341966755
lab2,full_finetune,lab2_active_1_9_11,"Lab2 active set [1, 9, 11]",3,10,humidity,0.47841789326593614,0.32742749269192034,0.981316110273905,3,2.0,head_only,0.9642035608256305,0.9599657674493918,0.9684413542018694
lab2,full_finetune,lab2_active_1_9_11,"Lab2 active set [1, 9, 11]",3,10,temperature,0.17763546105458128,0.11535651752581963,0.9759608047790642,3,2.0,head_only,0.9642035608256305,0.9599657674493918,0.9684413542018694
lab2,full_finetune,lab2_active_2_10_12,"Lab2 active set [2, 10, 12]",3,10,humidity,0.4588685551300117,0.3146401093556331,0.9840830395187283,3,1.0,head_only,0.9646346718324705,0.9599084633549556,0.9693608803099855
lab2,full_finetune,lab2_active_2_10_12,"Lab2 active set [2, 10, 12]",3,10,temperature,0.16176063328914966,0.10608389973640442,0.9802456055103038,3,1.0,head_only,0.9646346718324705,0.9599084633549556,0.9693608803099855
lab2,full_finetune,lab2_active_2_12,"Lab2 active set [2, 12]",2,11,humidity,0.4913199796891624,0.3530402332544327,0.981508481584161,2,1.0,head_only,0.96029773837112,0.9543954650864147,0.9662000116558251
lab2,full_finetune,lab2_active_2_12,"Lab2 active set [2, 12]",2,11,temperature,0.1731820822780308,0.10985350952698635,0.9767179564315371,2,1.0,head_only,0.96029773837112,0.9543954650864147,0.9662000116558251
lab2,full_finetune,lab2_active_2_5_8_10_12,"Lab2 active set [2, 5, 8, 10, 12]",5,8,humidity,0.43316284180231357,0.29970850623570955,0.9856814498437416,5,2.0,head_only,0.9608355957225213,0.9559185025436885,0.9657526889013541
lab2,full_finetune,lab2_active_2_5_8_10_12,"Lab2 active set [2, 5, 8, 10, 12]",5,8,temperature,0.16201537087692242,0.10501748323440552,0.9801076997748872,5,2.0,head_only,0.9608355957225213,0.9559185025436885,0.9657526889013541
lab2,full_finetune,lab2_active_2_7_8_11_13,"Lab2 active set [2, 7, 8, 11, 13]",5,8,humidity,0.4548782850405613,0.3174452965076153,0.9838008492315239,5,5.0,head_only,0.95874800501043,0.9570721660258362,0.9604238439950237
lab2,full_finetune,lab2_active_2_7_8_11_13,"Lab2 active set [2, 7, 8, 11, 13]",5,8,temperature,0.16602425839639218,0.10945845280702297,0.978407288137283,5,5.0,head_only,0.95874800501043,0.9570721660258362,0.9604238439950237
lab2,full_finetune,lab2_active_3_4_6_11_12,"Lab2 active set [3, 4, 6, 11, 12]",5,8,humidity,0.4705973680372721,0.32292834038917834,0.9830184189405587,5,3.0,head_only,0.9602079936700301,0.9535127665029542,0.9669032208371059
lab2,full_finetune,lab2_active_3_4_6_11_12,"Lab2 active set [3, 4, 6, 11, 12]",5,8,temperature,0.1863592676193144,0.1236841707275464,0.9731959953018389,5,3.0,head_only,0.9602079936700301,0.9535127665029542,0.9669032208371059
lab2,full_finetune,lab2_active_3_9_10_11_12,"Lab2 active set [3, 9, 10, 11, 12]",5,8,humidity,0.44032090643036326,0.29883465056235975,0.9844278574267822,5,1.0,head_only,0.9627804842405017,0.9579309402718915,0.9676300282091117
lab2,full_finetune,lab2_active_3_9_10_11_12,"Lab2 active set [3, 9, 10, 11, 12]",5,8,temperature,0.16610907833592908,0.10621988085600045,0.9789318821536251,5,1.0,head_only,0.9627804842405017,0.9579309402718915,0.9676300282091117
lab2,full_finetune,lab2_active_6_10_12,"Lab2 active set [6, 10, 12]",3,10,humidity,0.46471047350295264,0.31832961852733904,0.9829953540832447,3,4.0,head_only,0.9632241136465274,0.9554416709984305,0.9710065562946244
lab2,full_finetune,lab2_active_6_10_12,"Lab2 active set [6, 10, 12]",3,10,temperature,0.1665239516289097,0.10965392280083436,0.9792764531244672,3,4.0,head_only,0.9632241136465274,0.9554416709984305,0.9710065562946244
lab2,full_finetune,lab2_active_6_8,"Lab2 active set [6, 8]",2,11,humidity,0.503521638487289,0.33885658704317534,0.9797002227826181,2,4.0,head_only,0.9576247393954463,0.9508138664100989,0.9644356123807938
lab2,full_finetune,lab2_active_6_8,"Lab2 active set [6, 8]",2,11,temperature,0.1742616784027607,0.1114542570251685,0.9771201927553046,2,4.0,head_only,0.9576247393954463,0.9508138664100989,0.9644356123807938
lab2,full_finetune,lab2_active_9_11_12,"Lab2 active set [9, 11, 12]",3,10,humidity,0.45890624085357296,0.3165382376083961,0.9827666233956147,3,3.0,head_only,0.9633963846134114,0.9583799222354779,0.9684128469913449
lab2,full_finetune,lab2_active_9_11_12,"Lab2 active set [9, 11, 12]",3,10,temperature,0.17816552312240633,0.11197513456528004,0.9759146725130475,3,3.0,head_only,0.9633963846134114,0.9583799222354779,0.9684128469913449
lab2,full_finetune,lab2_all13,Lab2 all 13 active,13,0,humidity,0.43135127822565117,0.29787178108325374,0.9855902093037733,13,,head_only,,,
lab2,full_finetune,lab2_all13,Lab2 all 13 active,13,0,temperature,0.15803963964255568,0.10252046241210057,0.9806811028965471,13,,head_only,,,
